Discount_Bucket,Avg_Margin,Avg_Discount,Order_Count
No Discount,0.2609007673671049,0.0,12883
Low (0-10%),0.188454573531102,0.07905599104143338,1786
Medium (10-20%),0.1555182819756204,0.1938733705772812,2685
High (>20%),-0.2907312939227561,0.5454436644436644,5698
