Category,Line_Items,Total_Sales,Total_Profit,Discount_Ratio,Profit_Margin
Furniture,2859,904321,-319762.73649999883,0.4051497200662165,-0.35359428399871157
Office Supplies,6381,416969,-237758.6512000003,0.5037080214596291,-0.5702070206658056
Technology,2088,608952,-257160.69900000014,0.4503245477476061,-0.4223004423994012
