Retention_Rate,Simulated_Profit
1.0,4912271.07771303
0.75,4051067.631104769
0.5,3189864.184496509
0.25,2328660.7378882477
